PaymentID,OrderID,Amount,PaymentDate
1,101,999.99,2024-03-01
2,102,59.99,2024-03-01
3,103,59.98,2024-03-01
4,104,195,2024-03-01
5,105,45.99,2024-03-01
6,106,25.99,2024-03-01
7,107,41.98,2024-03-01
8,108,140,2024-03-01
9,109,56.97,2024-03-01
10,110,129.99,2024-03-01
11,111,29.99,2024-03-01
12,112,719.94,2024-03-01
13,113,599.97,2024-03-01
14,114,45.98,2024-03-01
15,115,14.99,2024-03-01
16,116,299.95,2024-03-01
17,117,99.95,2024-03-01
18,118,34.99,2024-03-01
19,119,89.97,2024-03-01
20,120,39.96,2024-03-01
